filename,location,date,field,old,new,how
ca000321.tif,"Bellingham, WA",1945-04-12,date,,1945-04-12,date read from chart scan
ca001306r.tif,"Dubuque, IA",1955-06-13,date,,1955-06-13,date read from chart scan
ca002369r.tif,"Miles City, MT",1957-10-24,date,,1957-10-24,date read from chart scan
ca003189.tif,"Roswell, NM",1945-09-18,date,,1945-09-18,date read from chart scan
ca003531.tif,"Savannah, GA",1942-06-18,date,,1942-06-18,date read from chart scan
ca002069r.tif,"Las Vegas, NV",2000-09-07,end_date,2000-03-22,2001-03-22,end read from chart scan (year typo)
ca000005.tif,"Aberdeen, SD",1940-04-01,end_date,,1941-06-26,"date + typical period (loc median +-6y (n=4), typ 451d); was missing"
ca000008.tif,"Aberdeen, SD",1944-12-07,end_date,1944-12-07,1945-12-11,copied from same-date twin
ca000025.tif,"Aberdeen, SD",1953-01-01,end_date,,1953-05-29,"snapped to next edition start (loc median +-6y (n=17), typ 195d); was missing"
WASP_02-2007-02-423_01.tif,"Albany, NY",1943-05-06,end_date,,1944-05-04,copied from same-date twin
ca000056r.tif,"Albany, NY",1960-11-18,end_date,,1961-05-21,"date + typical period (loc median +-6y (n=16), typ 184d); was missing"
ca000155.tif,"Albuquerque, NM",1932-03-01,end_date,,1933-01-01,"date + typical period (loc median +-6y (n=3), typ 306d); was missing"
ca000151.tif,"Albuquerque, NM",1937-02-01,end_date,,1938-02-02,"date + typical period (loc median +-6y (n=7), typ 366d); was missing"
WASP_02-2007-02-424_01.tif,"Albuquerque, NM",1943-08-12,end_date,,1944-02-17,"snapped to next edition start (loc median +-6y (n=12), typ 193d); was missing"
ca000145.tif,"Albuquerque, NM",1944-02-17,end_date,,1944-08-27,"date + typical period (loc median +-6y (n=13), typ 192d); was missing"
ca000114r.tif,"Albuquerque, NM",1961-02-28,end_date,,1961-08-28,"date + typical period (loc median +-6y (n=15), typ 181d); was missing"
ca000186.tif,"Aroostook, ME",1935-11-01,end_date,,1936-05-08,"date + typical period (loc median +-12y (n=7), typ 189d); was missing"
ca000184.tif,"Aroostook, ME",1942-06-25,end_date,,1942-12-31,"date + typical period (loc median +-6y (n=9), typ 189d); was missing"
ca000166r.tif,"Aroostook, ME",1954-05-07,end_date,,1954-11-17,"date + typical period (loc median +-6y (n=12), typ 194d); was missing"
ca000164r.tif,"Aroostook, ME",1957-04-30,end_date,,1957-11-12,"date + typical period (loc median +-6y (n=8), typ 196d); was missing"
ca000161r.tif,"Aroostook, ME",1960-05-02,end_date,,1961-04-17,"date + typical period (loc median +-6y (n=5), typ 350d); was missing"
ca000228.tif,"Austin, TX",1940-08-01,end_date,,1941-04-01,"date + typical period (loc median +-6y (n=10), typ 243d); was missing"
ca000227.tif,"Austin, TX",1942-06-18,end_date,,1943-01-26,"date + typical period (loc median +-6y (n=10), typ 222d); was missing"
ca000194r.tif,"Austin, TX",1961-03-06,end_date,,1961-09-01,"date + typical period (loc median +-6y (n=16), typ 179d); was missing"
ca000279.tif,"Beaumont, TX",1939-05-01,end_date,,1940-01-01,"date + typical period (loc median +-6y (n=8), typ 245d); was missing"
ca000277.tif,"Beaumont, TX",1942-05-28,end_date,,1942-12-13,"date + typical period (loc median +-6y (n=12), typ 199d); was missing"
ca000243r.tif,"Beaumont, TX",1961-02-24,end_date,,1961-08-30,"date + typical period (loc median +-6y (n=14), typ 187d); was missing"
ca000244.tif,"Beaumont, TX",1965-06-01,end_date,,1965-09-16,"snapped to next edition start (loc median +-6y (n=9), typ 189d); was missing"
ca000321.tif,"Bellingham, WA",1945-04-12,end_date,,1945-10-16,copied from same-date twin
ca000316.tif,"Bellingham, WA",1947-10-20,end_date,,1948-04-21,"date + typical period (loc median +-6y (n=18), typ 184d); was missing"
ca000296r.tif,"Bellingham, WA",1960-10-25,end_date,,1961-05-02,"date + typical period (loc median +-6y (n=12), typ 189d); was missing"
ca000375.tif,"Birmingham, AL",1940-04-01,end_date,,1940-10-21,"date + typical period (loc median +-6y (n=14), typ 203d); was missing"
ca000341r.tif,"Birmingham, AL",1961-02-20,end_date,,1961-08-29,"date + typical period (loc median +-6y (n=14), typ 190d); was missing"
ca000417.tif,"Boise, ID",1939-01-01,end_date,,1939-08-25,"date + typical period (loc median +-6y (n=3), typ 236d); was missing"
ca000416.tif,"Boise, ID",1940-09-01,end_date,,1941-05-04,"date + typical period (loc median +-6y (n=5), typ 245d); was missing"
ca000393r.tif,"Boise, ID",1960-03-30,end_date,,1961-03-29,"date + typical period (loc median +-6y (n=6), typ 364d); was missing"
ca000388r.tif,"Boise, ID",1969-05-29,end_date,,1970-05-28,"date + typical period (loc median +-6y (n=4), typ 364d); was missing"
ca000475.tif,"Boston, MA",1936-01-01,end_date,1936-01-01,1936-09-01,copied from same-date twin
ca000432r.tif,"Boston, MA",1960-11-18,end_date,,1961-05-17,"date + typical period (loc median +-6y (n=15), typ 180d); was missing"
ca000433.tif,"Boston, MA",1965-06-01,end_date,,1965-09-16,"snapped to next edition start (loc median +-6y (n=13), typ 180d); was missing"
ca000420r.tif,"Boston, MA",1970-03-05,end_date,1970-03-05,1970-09-17,copied from same-date twin
ca000521.tif,"Burlington, VT",1939-06-01,end_date,,1940-01-16,"date + typical period (loc median +-6y (n=8), typ 229d); was missing"
ca000519.tif,"Burlington, VT",1942-01-01,end_date,,1942-08-03,"date + typical period (loc median +-6y (n=13), typ 214d); was missing"
ca000565.tif,"Butte, MT",1939-05-01,end_date,,1940-04-01,"snapped to next edition start (loc median +-6y (n=6), typ 315d); was missing"
ca000538r.tif,"Butte, MT",1960-10-28,end_date,,1961-10-05,"date + typical period (loc median +-6y (n=9), typ 342d); was missing"
ca000615.tif,"Casper, WY",1937-02-01,end_date,,1937-12-13,"date + typical period (loc median +-6y (n=4), typ 315d); was missing"
ca000607.tif,"Casper, WY",1945-02-15,end_date,1945-02-15,1946-05-20,copied from same-date twin
ca000579r.tif,"Casper, WY",1960-11-01,end_date,,1961-05-10,"date + typical period (loc median +-6y (n=14), typ 190d); was missing"
ca000660.tif,"Charlotte, NC",1939-01-01,end_date,,1939-08-10,"date + typical period (loc median +-6y (n=10), typ 221d); was missing"
ca000656.tif,"Charlotte, NC",1942-08-27,end_date,,1943-02-27,"date + typical period (loc median +-6y (n=15), typ 184d); was missing"
ca000652.tif,"Charlotte, NC",1945-10-02,end_date,1945-10-02,1946-04-02,copied from same-date twin
ca000624r.tif,"Charlotte, NC",1961-01-18,end_date,,1961-07-20,"date + typical period (loc median +-6y (n=15), typ 183d); was missing"
ca000617r.tif,"Charlotte, NC",1968-10-17,end_date,,1969-04-20,"date + typical period (loc median +-6y (n=6), typ 185d); was missing"
ca000708.tif,"Chattanooga, TN",1942-08-20,end_date,,1943-03-14,"date + typical period (loc median +-6y (n=15), typ 206d); was missing"
ca000675r.tif,"Chattanooga, TN",1961-01-31,end_date,,1961-08-02,"date + typical period (loc median +-6y (n=16), typ 183d); was missing"
ca000763.tif,"Cheyenne, WY",1940-04-01,end_date,,1940-12-11,"date + typical period (loc median +-6y (n=10), typ 254d); was missing"
ca000728r.tif,"Cheyenne, WY",1960-11-22,end_date,,1961-05-24,"date + typical period (loc median +-6y (n=13), typ 183d); was missing"
ca000814.tif,"Chicago, IL",1940-02-01,end_date,,1940-09-02,"date + typical period (loc median +-6y (n=13), typ 214d); was missing"
ca000811.tif,"Chicago, IL",1942-10-22,end_date,,1943-04-25,"date + typical period (loc median +-6y (n=14), typ 185d); was missing"
ca000779r.tif,"Chicago, IL",1961-01-11,end_date,,1961-07-16,"date + typical period (loc median +-6y (n=14), typ 186d); was missing"
ca000778r.tif,"Chicago, IL",1963-05-30,end_date,,1963-11-28,"date + typical period (loc median +-6y (n=14), typ 182d); was missing"
ca000768r.tif,"Chicago, IL",1970-05-28,end_date,,1970-12-10,"date + typical period (loc median +-6y (n=9), typ 196d); was missing"
ca000877.tif,"Cincinnati, OH",1937-02-01,end_date,,1937-08-17,"date + typical period (loc median +-6y (n=16), typ 197d); was missing"
ca000838r.tif,"Cincinnati, OH",1960-12-30,end_date,,1961-06-27,"date + typical period (loc median +-6y (n=15), typ 179d); was missing"
ca000928.tif,"Cleveland, OH",1940-03-01,end_date,,1940-08-16,"date + typical period (loc median +-6y (n=10), typ 168d); was missing"
WASP_02-2007-02-425_01.tif,"Cleveland, OH",1943-11-11,end_date,,1944-05-17,"date + typical period (loc median +-6y (n=7), typ 188d); was missing"
ca000920r.tif,"Cleveland, OH",1950-06-30,end_date,1950-06-30,1950-11-24,copied from same-date twin
ca000909r.tif,"Cleveland, OH",1955-07-14,end_date,1955-07-14,1955-12-28,copied from same-date twin
ca000899r.tif,"Cleveland, OH",1961-01-10,end_date,,1961-07-15,"date + typical period (loc median +-6y (n=13), typ 186d); was missing"
ca000898r.tif,"Cleveland, OH",1963-05-30,end_date,,1963-11-28,"date + typical period (loc median +-6y (n=14), typ 182d); was missing"
ca000984.tif,"Corpus Christi, TX",1941-06-01,end_date,,1941-12-01,"date + typical period (loc median +-6y (n=9), typ 183d); was missing"
ca000951r.tif,"Corpus Christi, TX",1961-02-20,end_date,,1961-08-15,"date + typical period (loc median +-6y (n=16), typ 176d); was missing"
ca001039.tif,"Dallas, TX",1936-12-01,end_date,,1937-06-17,"date + typical period (loc median +-6y (n=10), typ 198d); was missing"
ca001037.tif,"Dallas, TX",1939-02-01,end_date,1939-02-01,1940-09-01,copied from same-date twin
ca001035.tif,"Dallas, TX",1941-08-01,end_date,,1942-02-19,"date + typical period (loc median +-6y (n=11), typ 202d); was missing"
ca001027.tif,"Dallas, TX",1944-08-24,end_date,1944-08-24,1945-09-25,copied from same-date twin
ca001030.tif,"Dallas, TX",1945-09-25,end_date,1945-09-25,1946-03-05,copied from same-date twin
ca001000r.tif,"Dallas, TX",1961-03-07,end_date,,1961-09-05,"date + typical period (loc median +-6y (n=15), typ 182d); was missing"
ca001074.tif,"Del Rio, TX",1937-11-01,end_date,,1938-05-04,"date + typical period (loc median +-12y (n=7), typ 184d); was missing"
ca001069.tif,"Del Rio, TX",1946-01-01,end_date,,1946-07-04,"date + typical period (loc median +-6y (n=10), typ 184d); was missing"
ca001051r.tif,"Del Rio, TX",1960-08-01,end_date,,1961-08-01,"date + typical period (loc median +-6y (n=6), typ 365d); was missing"
ca001050r.tif,"Del Rio, TX",1964-11-01,end_date,,1965-10-16,"date + typical period (loc median +-12y (n=10), typ 349d); was missing"
ca001048r.tif,"Del Rio, TX",1967-11-09,end_date,,1968-11-07,"date + typical period (loc median +-12y (n=5), typ 364d); was missing"
ca001123.tif,"Denver, CO",1936-03-01,end_date,,1937-01-28,"date + typical period (loc median +-6y (n=4), typ 333d); was missing"
ca001084r.tif,"Denver, CO",1960-11-18,end_date,,1961-05-20,"date + typical period (loc median +-6y (n=14), typ 183d); was missing"
ca001083r.tif,"Denver, CO",1963-06-27,end_date,,1963-12-29,"date + typical period (loc median +-6y (n=13), typ 185d); was missing"
ca001179.tif,"Des Moine, IA",1934-09-01,end_date,1934-09-01,1935-02-01,copied from same-date twin
ca001176.tif,"Des Moine, IA",1936-09-01,end_date,,1937-03-02,"date + typical period (loc median +-6y (n=6), typ 182d); was missing"
ca001173.tif,"Des Moine, IA",1939-04-01,end_date,1939-04-01,1939-09-30,"date + typical period (loc median +-6y (n=8), typ 182d); was zero-length"
ca001174.tif,"Des Moine, IA",1939-04-01,end_date,,1939-09-30,copied from same-date twin
ca001170.tif,"Des Moine, IA",1942-03-01,end_date,,1942-08-31,"date + typical period (loc median +-6y (n=10), typ 183d); was missing"
ca001137r.tif,"Des Moine, IA",1960-12-01,end_date,,1961-06-01,"date + typical period (loc median +-6y (n=15), typ 182d); was missing"
ca001136r.tif,"Des Moine, IA",1963-05-02,end_date,,1963-10-25,"date + typical period (loc median +-6y (n=15), typ 176d); was missing"
ca001181.tif,"Detroit, MI",1931-06-01,end_date,,1932-01-29,"date + typical period (loc median +-6y (n=7), typ 242d); was missing"
ca001194r.tif,"Detroit, MI",1960-11-30,end_date,,1961-06-04,"date + typical period (loc median +-6y (n=15), typ 186d); was missing"
ca001280.tif,"Douglas, AZ",1939-01-01,end_date,,1940-03-08,"date + typical period (loc median +-6y (n=6), typ 432d); was missing"
ca001274.tif,"Douglas, AZ",1945-03-01,end_date,1945-03-01,1946-02-05,copied from same-date twin
ca001275.tif,"Douglas, AZ",1945-03-01,end_date,1945-03-01,1946-02-05,copied from same-date twin
ca001249r.tif,"Douglas, AZ",1961-03-10,end_date,,1962-03-06,"date + typical period (loc median +-6y (n=8), typ 361d); was missing"
ca001329.tif,"Dubuque, IA",1937-06-01,end_date,,1937-12-08,"date + typical period (loc median +-12y (n=9), typ 190d); was missing"
ca001328.tif,"Dubuque, IA",1939-04-01,end_date,,1939-12-16,"date + typical period (loc median +-6y (n=4), typ 259d); was missing"
ca001326.tif,"Dubuque, IA",1941-10-01,end_date,1941-10-01,1942-06-04,copied from same-date twin
ca001325.tif,"Dubuque, IA",1942-06-04,end_date,,1943-02-04,"date + typical period (loc median +-6y (n=6), typ 245d); was missing"
ca001322.tif,"Dubuque, IA",1945-10-01,end_date,,1946-04-06,"date + typical period (loc median +-6y (n=12), typ 187d); was missing"
ca001318.tif,"Dubuque, IA",1948-06-04,end_date,1948-06-04,1948-12-11,copied from same-date twin
ca001306r.tif,"Dubuque, IA",1955-06-13,end_date,,1955-12-13,"snapped to next edition start (loc median +-6y (n=18), typ 185d); was missing"
ca001296r.tif,"Dubuque, IA",1960-12-12,end_date,,1961-06-13,"date + typical period (loc median +-6y (n=13), typ 183d); was missing"
ca001365.tif,"Duluth, MN",1936-09-01,end_date,,1937-03-13,"date + typical period (loc median +-12y (n=11), typ 193d); was missing"
ca001338r.tif,"Duluth, MN",1960-04-19,end_date,,1961-04-18,"date + typical period (loc median +-6y (n=7), typ 364d); was missing"
ca001415r.tif,"El Paso, TX",1961-03-03,end_date,,1961-08-31,"date + typical period (loc median +-6y (n=16), typ 181d); was missing"
ca001403.tif,"Elko, NV",1939-03-01,end_date,,1939-11-01,"date + typical period (loc median +-6y (n=8), typ 245d); was missing"
ca001373r.tif,"Elko, NV",1960-10-19,end_date,,1961-10-18,"date + typical period (loc median +-6y (n=7), typ 364d); was missing"
ca001493.tif,"Fargo, ND",1944-12-07,end_date,1944-12-07,1945-11-27,copied from same-date twin
ca001494.tif,"Fargo, ND",1944-12-07,end_date,1944-12-07,1945-11-27,copied from same-date twin
ca001485.tif,"Fargo, ND",1949-05-19,end_date,1949-05-19,1949-11-18,copied from same-date twin
ca001470r.tif,"Fargo, ND",1960-05-05,end_date,,1961-04-28,"date + typical period (loc median +-6y (n=8), typ 358d); was missing"
ca001458r.tif,"Fargo, ND",1970-03-05,end_date,1970-03-05,1970-08-20,copied from same-date twin
ca001533.tif,"Glacier Park, MT",1935-09-01,end_date,,1936-08-31,"date + typical period (loc median +-12y (n=5), typ 365d); was missing"
ca001529.tif,"Glacier Park, MT",1941-06-01,end_date,1941-06-01,1942-06-01,copied from same-date twin
ca001526.tif,"Glacier Park, MT",1945-04-26,end_date,1945-04-26,1946-02-11,"date + typical period (loc median +-6y (n=8), typ 291d); was zero-length"
ca001527.tif,"Glacier Park, MT",1945-04-26,end_date,,1946-02-11,copied from same-date twin
ca001522.tif,"Glacier Park, MT",1948-05-05,end_date,,1948-12-08,"date + typical period (loc median +-6y (n=11), typ 217d); was missing"
ca001510r.tif,"Glacier Park, MT",1960-11-01,end_date,,1961-11-13,"date + typical period (loc median +-6y (n=6), typ 377d); was missing"
ca001565.tif,"Grand Canyon, AZ",1938-12-01,end_date,,1939-11-23,"date + typical period (loc median +-6y (n=5), typ 357d); was missing"
ca001563.tif,"Grand Canyon, AZ",1942-06-25,end_date,,1943-02-26,"date + typical period (loc median +-6y (n=10), typ 246d); was missing"
ca001561.tif,"Grand Canyon, AZ",1944-02-10,end_date,1944-02-10,1945-02-01,copied from same-date twin
ca001553.tif,"Grand Canyon, AZ",1949-03-02,end_date,,1949-09-01,"date + typical period (loc median +-6y (n=13), typ 183d); was missing"
ca001547r.tif,"Grand Canyon, AZ",1953-09-15,end_date,,1954-03-24,"date + typical period (loc median +-6y (n=10), typ 190d); was missing"
ca001542r.tif,"Grand Canyon, AZ",1960-09-28,end_date,,1961-09-20,"date + typical period (loc median +-6y (n=6), typ 357d); was missing"
ca001534r.tif,"Grand Canyon, AZ",1969-05-29,end_date,,1969-12-11,"date + typical period (loc median +-6y (n=7), typ 196d); was missing"
ca001602.tif,"Grand Junction, CO",1938-12-01,end_date,,1939-07-03,"date + typical period (loc median +-6y (n=7), typ 214d); was missing"
ca001600.tif,"Grand Junction, CO",1942-06-18,end_date,,1943-01-14,"date + typical period (loc median +-6y (n=11), typ 210d); was missing"
ca001596.tif,"Grand Junction, CO",1945-02-15,end_date,1945-02-15,1946-02-19,copied from same-date twin
ca001582r.tif,"Grand Junction, CO",1954-03-10,end_date,,1954-09-19,"date + typical period (loc median +-6y (n=12), typ 193d); was missing"
ca001581r.tif,"Grand Junction, CO",1955-09-28,end_date,,1956-04-08,"date + typical period (loc median +-6y (n=10), typ 193d); was missing"
ca001577r.tif,"Grand Junction, CO",1960-09-23,end_date,,1961-09-22,"date + typical period (loc median +-6y (n=5), typ 364d); was missing"
ca001654.tif,"Green Bay, WI",1936-10-01,end_date,,1937-04-15,"date + typical period (loc median +-12y (n=9), typ 196d); was missing"
ca001652.tif,"Green Bay, WI",1939-02-01,end_date,1939-02-01,1939-08-16,"date + typical period (loc median +-6y (n=4), typ 196d); was zero-length"
ca001653.tif,"Green Bay, WI",1939-02-01,end_date,,1939-08-16,copied from same-date twin
ca001650.tif,"Green Bay, WI",1941-10-01,end_date,1941-10-01,1942-06-25,copied from same-date twin
ca001648.tif,"Green Bay, WI",1942-12-03,end_date,,1943-06-17,"date + typical period (loc median +-6y (n=10), typ 196d); was missing"
ca001618r.tif,"Green Bay, WI",1960-11-08,end_date,,1961-05-08,"date + typical period (loc median +-6y (n=11), typ 181d); was missing"
ca001617r.tif,"Green Bay, WI",1965-05-27,end_date,,1965-11-17,"date + typical period (loc median +-6y (n=11), typ 174d); was missing"
ca001670.tif,Hawaiian Islands,1947-09-01,end_date,,1948-07-13,"date + typical period (loc median +-6y (n=4), typ 316d); was missing"
ca001659r.tif,Hawaiian Islands,1960-11-01,end_date,,1961-11-06,"date + typical period (loc median +-6y (n=6), typ 370d); was missing"
ca001714.tif,"Huntington, WV",1940-01-01,end_date,,1940-07-31,"date + typical period (loc median +-6y (n=16), typ 212d); was missing"
ca001680r.tif,"Huntington, WV",1961-01-13,end_date,,1961-07-23,"date + typical period (loc median +-6y (n=15), typ 191d); was missing"
ca001729r.tif,"Jacksonville, FL",1961-02-03,end_date,,1961-08-05,"date + typical period (loc median +-6y (n=14), typ 183d); was missing"
ca001724r.tif,"Jacksonville, FL",1967-11-09,end_date,,1968-05-23,"date + typical period (loc median +-6y (n=4), typ 196d); was missing"
ca001816.tif,"Kansas City, MO",1938-05-01,end_date,1938-05-01,1939-05-01,copied from same-date twin
ca001815.tif,"Kansas City, MO",1939-05-01,end_date,,1940-01-14,"date + typical period (loc median +-6y (n=12), typ 258d); was missing"
ca001780r.tif,"Kansas City, MO",1960-12-05,end_date,,1961-06-05,"date + typical period (loc median +-6y (n=16), typ 182d); was missing"
ca001869.tif,Klamath Falls OR,1939-01-01,end_date,1939-01-01,1939-09-26,"date + typical period (loc median +-6y (n=6), typ 268d); was zero-length"
ca001870.tif,Klamath Falls OR,1939-01-01,end_date,,1939-09-26,copied from same-date twin
ca001867.tif,Klamath Falls OR,1942-05-28,end_date,,1942-12-22,"date + typical period (loc median +-6y (n=11), typ 208d); was missing"
ca001835r.tif,Klamath Falls OR,1960-09-28,end_date,,1961-03-26,"date + typical period (loc median +-6y (n=15), typ 179d); was missing"
ca001906.tif,"Kootenai, ID",1942-11-19,end_date,,1943-05-28,"date + typical period (loc median +-6y (n=12), typ 190d); was missing"
ca001882r.tif,"Kootenai, ID",1960-10-28,end_date,,1961-10-28,"date + typical period (loc median +-6y (n=8), typ 365d); was missing"
ca001952.tif,"La Grande, OR",1937-04-01,end_date,,1937-10-05,"date + typical period (loc median +-12y (n=11), typ 187d); was missing"
ca001950.tif,"La Grande, OR",1941-07-01,end_date,,1942-01-26,"date + typical period (loc median +-6y (n=8), typ 209d); was missing"
ca001930r.tif,"La Grande, OR",1956-06-06,end_date,,1956-12-09,"date + typical period (loc median +-6y (n=11), typ 186d); was missing"
ca001926r.tif,"La Grande, OR",1960-07-05,end_date,,1961-01-27,"date + typical period (loc median +-6y (n=8), typ 206d); was missing"
ca001990.tif,"Lake Huron, MI",1936-04-01,end_date,,1936-10-05,"date + typical period (loc median +-12y (n=12), typ 187d); was missing"
ca001961r.tif,"Lake Huron, MI",1960-05-11,end_date,,1961-05-04,"date + typical period (loc median +-6y (n=7), typ 358d); was missing"
ca002023.tif,"Lake of the Woods, MN",1936-02-01,end_date,,1937-01-31,"date + typical period (loc median +-6y (n=3), typ 365d); was missing"
ca002018.tif,"Lake of the Woods, MN",1942-11-26,end_date,,1943-08-19,"date + typical period (loc median +-6y (n=10), typ 266d); was missing"
ca002000r.tif,"Lake of the Woods, MN",1957-04-25,end_date,,1958-04-13,"date + typical period (loc median +-6y (n=9), typ 353d); was missing"
ca001998r.tif,"Lake of the Woods, MN",1960-04-26,end_date,,1961-04-25,"date + typical period (loc median +-6y (n=5), typ 364d); was missing"
ca002067.tif,"Lake Superior, MI",1936-08-01,end_date,,1937-01-30,"date + typical period (loc median +-12y (n=13), typ 182d); was missing"
ca002066.tif,"Lake Superior, MI",1939-04-01,end_date,,1939-09-30,"date + typical period (loc median +-6y (n=7), typ 182d); was missing"
ca002037r.tif,"Lake Superior, MI",1960-05-03,end_date,,1961-04-27,"date + typical period (loc median +-6y (n=8), typ 359d); was missing"
ca002105.tif,"Lewiston, ME",1936-06-01,end_date,,1936-12-08,"date + typical period (loc median +-12y (n=9), typ 190d); was missing"
ca002104.tif,"Lewiston, ME",1940-04-01,end_date,,1940-10-14,"date + typical period (loc median +-6y (n=5), typ 196d); was missing"
ca002078r.tif,"Lewiston, ME",1960-05-18,end_date,,1961-05-17,"date + typical period (loc median +-6y (n=7), typ 364d); was missing"
ca002151.tif,"Lincoln, NE",1939-04-01,end_date,,1939-10-26,"date + typical period (loc median +-6y (n=8), typ 208d); was missing"
ca002148.tif,"Lincoln, NE",1942-07-09,end_date,,1943-01-14,"date + typical period (loc median +-6y (n=13), typ 189d); was missing"
ca002116r.tif,"Lincoln, NE",1960-11-29,end_date,,1961-06-06,"date + typical period (loc median +-6y (n=13), typ 189d); was missing"
ca002192.tif,"Little Rock, AR",1939-02-01,end_date,,1939-10-04,"date + typical period (loc median +-6y (n=7), typ 245d); was missing"
ca002160r.tif,"Little Rock, AR",1961-02-10,end_date,,1961-11-11,"date + typical period (loc median +-6y (n=10), typ 274d); was missing"
ca002154r.tif,"Little Rock, AR",1968-07-25,end_date,1968-07-25,1969-01-09,copied from same-date twin
ca002241.tif,"Los Angeles, CA",1939-11-01,end_date,,1940-06-01,"date + typical period (loc median +-6y (n=12), typ 213d); was missing"
ca002239.tif,"Los Angeles, CA",1942-04-09,end_date,,1942-10-16,"date + typical period (loc median +-6y (n=13), typ 190d); was missing"
ca002205r.tif,"Los Angeles, CA",1961-03-20,end_date,,1961-09-18,"date + typical period (loc median +-6y (n=16), typ 182d); was missing"
ca002293.tif,"Miami, FL",1940-07-01,end_date,,1941-02-03,"date + typical period (loc median +-6y (n=9), typ 217d); was missing"
ca002258r.tif,"Miami, FL",1961-02-08,end_date,,1961-08-17,"date + typical period (loc median +-6y (n=14), typ 190d); was missing"
ca002286.tif,"Miami, FL",1965-07-01,end_date,,1965-09-16,"snapped to next edition start (loc median +-6y (n=8), typ 181d); was missing"
ca002391.tif,"Miles City, MT",1936-03-01,end_date,,1936-11-30,"date + typical period (loc median +-12y (n=7), typ 274d); was missing"
ca002390.tif,"Miles City, MT",1940-02-01,end_date,,1940-10-17,"date + typical period (loc median +-6y (n=4), typ 259d); was missing"
ca002389.tif,"Miles City, MT",1942-06-11,end_date,,1943-04-08,"date + typical period (loc median +-6y (n=6), typ 301d); was missing"
ca002369r.tif,"Miles City, MT",1957-10-24,end_date,,1958-10-23,"snapped to next edition start (loc median +-6y (n=9), typ 367d); was missing"
ca002366r.tif,"Miles City, MT",1960-11-03,end_date,,1961-11-07,"date + typical period (loc median +-6y (n=7), typ 369d); was missing"
ca002355r.tif,"Miles City, MT",1971-04-29,end_date,1971-04-29,1971-11-11,"date + typical period (loc median +-6y (n=9), typ 196d); was zero-length"
ca002353.tif,"Milwaukee, WI",1931-06-01,end_date,,1931-12-30,"date + typical period (loc median +-6y (n=6), typ 212d); was missing"
ca002346.tif,"Milwaukee, WI",1937-06-01,end_date,,1938-01-01,"date + typical period (loc median +-6y (n=9), typ 214d); was missing"
ca002342.tif,"Milwaukee, WI",1942-06-30,end_date,,1943-01-14,"date + typical period (loc median +-6y (n=13), typ 198d); was missing"
ca002308r.tif,"Milwaukee, WI",1960-11-30,end_date,,1961-06-12,"date + typical period (loc median +-6y (n=13), typ 194d); was missing"
ca002432.tif,"Minot, ND",1939-07-01,end_date,,1940-01-13,"date + typical period (loc median +-6y (n=8), typ 196d); was missing"
ca002417.tif,"Minot, ND",1949-11-13,end_date,,1950-05-20,"date + typical period (loc median +-6y (n=16), typ 188d); was missing"
ca002406r.tif,"Minot, ND",1960-04-11,end_date,,1961-03-26,"date + typical period (loc median +-6y (n=9), typ 349d); was missing"
ca002442r.tif,"Mobile, AL",1961-02-24,end_date,,1961-08-30,"date + typical period (loc median +-6y (n=15), typ 187d); was missing"
ca002529.tif,"Mt. Shasta, CA",1936-10-01,end_date,,1937-07-15,"date + typical period (loc median +-6y (n=3), typ 287d); was missing"
ca002528.tif,"Mt. Shasta, CA",1938-12-01,end_date,,1939-08-17,"date + typical period (loc median +-6y (n=6), typ 259d); was missing"
ca002493r.tif,"Mt. Shasta, CA",1960-10-21,end_date,,1961-04-22,"date + typical period (loc median +-6y (n=13), typ 183d); was missing"
ca002540r.tif,"Mt. Whitney, CA",1960-09-23,end_date,,1961-03-25,"date + typical period (loc median +-6y (n=14), typ 183d); was missing"
ca002625.tif,"Nashville, TN",1937-11-01,end_date,,1938-05-26,"date + typical period (loc median +-6y (n=7), typ 206d); was missing"
ca002624.tif,"Nashville, TN",1939-06-01,end_date,,1939-12-14,"date + typical period (loc median +-6y (n=10), typ 196d); was missing"
ca002590r.tif,"Nashville, TN",1960-12-12,end_date,,1961-06-23,"date + typical period (loc median +-6y (n=14), typ 193d); was missing"
ca002582r.tif,"Nashville, TN",1965-07-01,end_date,,1965-07-22,"snapped to next edition start (loc median +-6y (n=9), typ 196d); was missing"
ca002580r.tif,"Nashville, TN",1969-07-24,end_date,,1970-02-05,"date + typical period (loc median +-6y (n=8), typ 196d); was missing"
ca002671.tif,"New Orleans, LA",1935-08-01,end_date,,1936-02-04,"date + typical period (loc median +-12y (n=9), typ 187d); was missing"
ca002669.tif,"New Orleans, LA",1939-05-01,end_date,,1939-11-29,"date + typical period (loc median +-6y (n=5), typ 212d); was missing"
ca002634r.tif,"New Orleans, LA",1961-03-01,end_date,,1961-09-06,"date + typical period (loc median +-6y (n=13), typ 189d); was missing"
ca002721.tif,"New York, NY",1940-03-01,end_date,,1940-09-29,"date + typical period (loc median +-6y (n=19), typ 212d); was missing"
ca002683r.tif,"New York, NY",1961-01-16,end_date,,1961-07-19,"date + typical period (loc median +-6y (n=14), typ 184d); was missing"
ca002743r.tif,"Norfolk, VA",1961-01-17,end_date,,1961-07-11,"date + typical period (loc median +-6y (n=16), typ 175d); was missing"
ca002839.tif,"Oklahoma City, OK",1932-06-01,end_date,,1933-01-01,"date + typical period (loc median +-6y (n=7), typ 214d); was missing"
ca002795r.tif,"Oklahoma City, OK",1961-02-16,end_date,,1961-08-19,"date + typical period (loc median +-6y (n=14), typ 184d); was missing"
ca002880.tif,"Orlando, FL",1942-07-02,end_date,,1943-01-03,"date + typical period (loc median +-6y (n=14), typ 185d); was missing"
ca002845r.tif,"Orlando, FL",1961-02-02,end_date,,1961-08-03,"date + typical period (loc median +-6y (n=14), typ 182d); was missing"
ca002928.tif,"Phoenix, AZ",1944-03-02,end_date,,1944-09-02,"date + typical period (loc median +-6y (n=15), typ 184d); was missing"
ca002897r.tif,"Phoenix, AZ",1961-03-13,end_date,,1961-09-11,"date + typical period (loc median +-6y (n=15), typ 182d); was missing"
ca002980.tif,"Pocatello, ID",1939-04-01,end_date,,1940-01-30,"date + typical period (loc median +-6y (n=7), typ 304d); was missing"
ca002947r.tif,"Pocatello, ID",1960-10-24,end_date,,1961-05-01,"date + typical period (loc median +-6y (n=12), typ 189d); was missing"
ca003031.tif,"Portland, OR",1939-01-01,end_date,,1939-09-02,"date + typical period (loc median +-6y (n=9), typ 244d); was missing"
ca003029.tif,"Portland, OR",1942-07-30,end_date,,1943-02-18,"date + typical period (loc median +-6y (n=10), typ 203d); was missing"
ca003022.tif,"Portland, OR",1947-04-20,end_date,,1947-10-16,"date + typical period (loc median +-6y (n=15), typ 179d); was missing"
ca002996r.tif,"Portland, OR",1960-10-24,end_date,,1961-04-29,"date + typical period (loc median +-6y (n=14), typ 187d); was missing"
ca003072.tif,"Prescott, AZ",1939-05-01,end_date,,1940-05-20,"date + typical period (loc median +-6y (n=7), typ 385d); was missing"
ca003066.tif,"Prescott, AZ",1946-03-03,end_date,,1946-09-04,"date + typical period (loc median +-6y (n=14), typ 185d); was missing"
ca003053r.tif,"Prescott, AZ",1953-09-03,end_date,,1954-03-09,"date + typical period (loc median +-6y (n=16), typ 187d); was missing"
ca003047r.tif,"Prescott, AZ",1961-03-13,end_date,,1962-02-25,"date + typical period (loc median +-6y (n=9), typ 349d); was missing"
ca003115.tif,"Rapid City, SD",1937-01-01,end_date,,1937-10-18,"date + typical period (loc median +-6y (n=4), typ 290d); was missing"
ca003113.tif,"Rapid City, SD",1940-03-01,end_date,,1940-11-01,"date + typical period (loc median +-6y (n=7), typ 245d); was missing"
ca003108.tif,"Rapid City, SD",1945-05-03,end_date,,1945-11-06,"date + typical period (loc median +-6y (n=13), typ 187d); was missing"
ca003087r.tif,"Rapid City, SD",1960-11-03,end_date,,1961-09-03,"date + typical period (loc median +-6y (n=8), typ 304d); was missing"
ca003152.tif,"Reno, NV",1939-04-01,end_date,,1940-03-14,"date + typical period (loc median +-6y (n=6), typ 348d); was missing"
ca003147.tif,"Reno, NV",1945-05-17,end_date,,1945-12-13,"date + typical period (loc median +-6y (n=11), typ 210d); was missing"
ca003126r.tif,"Reno, NV",1960-09-26,end_date,,1961-06-30,"date + typical period (loc median +-6y (n=10), typ 277d); was missing"
ca003161r.tif,"Roswell, NM",1961-02-28,end_date,,1961-08-26,"date + typical period (loc median +-6y (n=16), typ 179d); was missing"
ca003155r.tif,"Roswell, NM",1968-01-04,end_date,,1968-07-18,"date + typical period (loc median +-6y (n=5), typ 196d); was missing"
ca003242.tif,"Sacramento, CA",1937-04-01,end_date,,1938-02-26,"date + typical period (loc median +-6y (n=3), typ 331d); was missing"
ca003241.tif,"Sacramento, CA",1939-02-01,end_date,,1939-11-13,"date + typical period (loc median +-6y (n=6), typ 285d); was missing"
ca003204r.tif,"Sacramento, CA",1960-09-28,end_date,,1961-03-31,"date + typical period (loc median +-6y (n=15), typ 184d); was missing"
ca003252r.tif,"Salina, KS",1960-12-02,end_date,,1961-06-02,"date + typical period (loc median +-6y (n=15), typ 182d); was missing"
ca003300r.tif,"Salt Lake City, UT",1960-10-21,end_date,,1961-04-25,"date + typical period (loc median +-6y (n=12), typ 186d); was missing"
ca003380.tif,"San Antonio, TX",1936-12-01,end_date,,1937-09-01,"date + typical period (loc median +-6y (n=9), typ 274d); was missing"
ca003342r.tif,"San Antonio, TX",1961-02-08,end_date,,1961-08-15,"date + typical period (loc median +-6y (n=13), typ 188d); was missing"
ca003394r.tif,"San Diego, CA",1960-09-14,end_date,,1961-03-14,"date + typical period (loc median +-6y (n=16), typ 181d); was missing"
ca003483.tif,"San Francisco, CA",1939-02-01,end_date,,1939-10-21,"date + typical period (loc median +-6y (n=11), typ 262d); was missing"
ca003477.tif,"San Francisco, CA",1944-08-12,end_date,,1945-02-14,"date + typical period (loc median +-6y (n=15), typ 186d); was missing"
ca003446r.tif,"San Francisco, CA",1961-03-22,end_date,,1961-09-18,"date + typical period (loc median +-6y (n=14), typ 180d); was missing"
ca003533.tif,"Savannah, GA",1939-04-01,end_date,,1940-02-29,"date + typical period (loc median +-6y (n=7), typ 334d); was missing"
ca003532.tif,"Savannah, GA",1941-11-01,end_date,,1942-06-18,"snapped to next edition start (loc median +-6y (n=12), typ 224d); was missing"
ca003498r.tif,"Savannah, GA",1961-01-31,end_date,,1961-08-03,"date + typical period (loc median +-6y (n=15), typ 184d); was missing"
ca003490r.tif,"Savannah, GA",1968-09-19,end_date,,1969-04-03,"date + typical period (loc median +-6y (n=7), typ 196d); was missing"
ca003583.tif,"Seattle, WA",1942-10-15,end_date,,1943-04-15,"date + typical period (loc median +-6y (n=15), typ 182d); was missing"
ca003550r.tif,"Seattle, WA",1960-10-25,end_date,,1961-04-28,"date + typical period (loc median +-6y (n=13), typ 185d); was missing"
ca003602r.tif,"Shreveport, LA",1960-08-08,end_date,,1961-07-08,"date + typical period (loc median +-6y (n=9), typ 334d); was missing"
ca003645r.tif,"Sioux City, IA",1960-06-01,end_date,,1961-06-01,"date + typical period (loc median +-6y (n=8), typ 365d); was missing"
ca003721.tif,"Spokane, WA",1937-10-01,end_date,,1938-04-25,"date + typical period (loc median +-6y (n=4), typ 206d); was missing"
ca003720.tif,"Spokane, WA",1939-06-01,end_date,,1939-12-12,"date + typical period (loc median +-6y (n=7), typ 194d); was missing"
ca003717.tif,"Spokane, WA",1942-09-17,end_date,,1943-03-18,"date + typical period (loc median +-6y (n=12), typ 182d); was missing"
ca003686r.tif,"Spokane, WA",1960-10-19,end_date,,1961-04-25,"date + typical period (loc median +-6y (n=11), typ 188d); was missing"
ca003763.tif,"Trinidad, CO",1936-09-01,end_date,,1937-03-15,"date + typical period (loc median +-12y (n=11), typ 195d); was missing"
ca003762.tif,"Trinidad, CO",1939-01-01,end_date,,1939-08-14,"date + typical period (loc median +-6y (n=6), typ 225d); was missing"
ca003733r.tif,"Trinidad, CO",1960-11-22,end_date,,1961-11-12,"date + typical period (loc median +-6y (n=9), typ 355d); was missing"
ca003807.tif,"Tulsa, OK",1937-04-01,end_date,,1937-10-16,"date + typical period (loc median +-6y (n=6), typ 198d); was missing"
ca003806.tif,"Tulsa, OK",1939-03-01,end_date,,1939-09-06,"date + typical period (loc median +-6y (n=8), typ 189d); was missing"
ca003804.tif,"Tulsa, OK",1942-07-23,end_date,,1943-01-20,"date + typical period (loc median +-6y (n=10), typ 181d); was missing"
ca003771r.tif,"Tulsa, OK",1960-12-05,end_date,,1961-06-04,"date + typical period (loc median +-6y (n=15), typ 181d); was missing"
ca003857.tif,"Twin Cities, MN",1941-07-01,end_date,1941-07-01,1942-07-16,copied from same-date twin
ca003849.tif,"Twin Cities, MN",1947-06-10,end_date,1947-06-10,1947-12-14,copied from same-date twin
ca003824r.tif,"Twin Cities, MN",1960-11-04,end_date,,1961-05-16,"date + typical period (loc median +-6y (n=12), typ 193d); was missing"
ca003813r.tif,"Twin Cities, MN",1970-11-12,end_date,,1971-05-27,"date + typical period (loc median +-6y (n=10), typ 196d); was missing"
ca003910.tif,"Washington, DC",1936-12-01,end_date,,1937-06-06,"date + typical period (loc median +-6y (n=13), typ 187d); was missing"
ca003908.tif,"Washington, DC",1939-01-01,end_date,,1939-07-09,"date + typical period (loc median +-6y (n=15), typ 189d); was missing"
ca003906.tif,"Washington, DC",1940-09-01,end_date,1940-09-01,1941-11-01,copied from same-date twin
ca003870r.tif,"Washington, DC",1960-07-19,end_date,,1961-01-21,"date + typical period (loc median +-6y (n=13), typ 186d); was missing"
ca003953.tif,"Wichita, KA",1946-03-05,end_date,,1946-09-05,"date + typical period (loc median +-6y (n=15), typ 184d); was missing"
ca003927r.tif,"Wichita, KA",1960-12-05,end_date,,1961-06-08,"date + typical period (loc median +-6y (n=15), typ 185d); was missing"
ca003919r.tif,"Wichita, KA",1969-01-09,end_date,,1969-07-24,"date + typical period (loc median +-6y (n=7), typ 196d); was missing"
ca003997.tif,"Williston, ND",1935-07-01,end_date,,1936-01-16,"date + typical period (loc median +-12y (n=6), typ 199d); was missing"
ca003993.tif,"Williston, ND",1942-08-13,end_date,,1943-02-20,"date + typical period (loc median +-6y (n=7), typ 191d); was missing"
ca003987.tif,"Williston, ND",1948-05-07,end_date,,1948-11-15,"date + typical period (loc median +-6y (n=11), typ 192d); was missing"
ca003974r.tif,"Williston, ND",1960-11-01,end_date,,1961-10-31,"date + typical period (loc median +-6y (n=8), typ 364d); was missing"
ca004045.tif,"Winston-Salem, WV",1936-12-01,end_date,,1937-05-28,"date + typical period (loc median +-6y (n=6), typ 178d); was missing"
ca004044.tif,"Winston-Salem, WV",1936-12-01,end_date,1936-12-01,1937-05-28,copied from same-date twin
ca004043.tif,"Winston-Salem, WV",1938-12-01,end_date,,1939-05-28,"date + typical period (loc median +-6y (n=8), typ 178d); was missing"
ca004040.tif,"Winston-Salem, WV",1942-08-20,end_date,,1943-03-06,"date + typical period (loc median +-6y (n=11), typ 198d); was missing"
ca004006r.tif,"Winston-Salem, WV",1961-01-06,end_date,,1961-07-07,"date + typical period (loc median +-6y (n=15), typ 182d); was missing"
ca004000r.tif,"Winston-Salem, WV",1967-10-12,end_date,1967-10-12,1968-10-17,copied from same-date twin
ca004087.tif,"Yellowstone Park, WY",1940-12-01,end_date,,1941-12-02,"date + typical period (loc median +-6y (n=8), typ 366d); was missing"
ca004070r.tif,"Yellowstone Park, WY",1953-10-08,end_date,,1954-04-18,"date + typical period (loc median +-6y (n=16), typ 192d); was missing"
ca004064r.tif,"Yellowstone Park, WY",1960-04-08,end_date,,1961-01-04,"date + typical period (loc median +-6y (n=9), typ 271d); was missing"
