source_kind,group,name,status,detail,size_mb,modified,paths
local_file,loc_ca_scan,ca002354.tif,missing,ca number absent from dole,485.1,2025-12-12,/Volumes/projects/rawtiffs/ca002354.tif | /Volumes/projects/map working folder/Milwaukee/ca002354.tif
local_file,loc_ca_scan,ca003008r.tif,missing,ca number absent from dole,793.7,2025-12-11,/Volumes/projects/rawtiffs/ca003008r.tif | /Volumes/projects/map working folder/Portland/ca003008r.tif
local_file,loc_ca_scan,ca003008v.tif,missing,ca number absent from dole,794.1,2025-12-11,/Volumes/projects/rawtiffs/ca003008v.tif
local_file,loc_ca_scan,ca003018.tif,missing,ca number absent from dole,818.4,2025-12-11,/Volumes/projects/rawtiffs/ca003018.tif | /Volumes/projects/map working folder/Portland/ca003018.tif
local_file,loc_ca_scan,ca003019.tif,missing,ca number absent from dole,823.5,2025-12-11,/Volumes/projects/rawtiffs/ca003019.tif | /Volumes/projects/map working folder/Portland/ca003019.tif
local_file,loc_ca_scan,ca003020.tif,missing,ca number absent from dole,822.2,2025-12-11,/Volumes/projects/rawtiffs/ca003020.tif | /Volumes/projects/map working folder/Portland/ca003020.tif
local_file,loc_ca_scan,ca003021.tif,missing,ca number absent from dole,815.3,2025-12-11,/Volumes/projects/rawtiffs/ca003021.tif | /Volumes/projects/map working folder/Portland/ca003021.tif
local_file,sec_chart,Dallas-Ft Worth SEC 92.tif,missing,no match in dole,65.1,2014-03-07,/Volumes/projects/SectionalProject/misc maps/Dallas-Ft_Worth_92/Dallas-Ft Worth SEC 92.tif | /Users/ryanhemenway/Library/Mobile Documents/com~apple~CloudDocs/archive.aero_cloud/misc maps/Dallas-Ft_Worth_92/Dallas-Ft Worth SEC 92.tif
local_file,sec_chart,Dallas-Ft Worth SEC 94.tif,missing,no match in dole,65.1,2015-01-28,/Volumes/projects/SectionalProject/misc maps/Dallas-Ft_Worth_94/Dallas-Ft Worth SEC 94.tif | /Users/ryanhemenway/Library/Mobile Documents/com~apple~CloudDocs/archive.aero_cloud/misc maps/Dallas-Ft_Worth_94/Dallas-Ft Worth SEC 94.tif
local_file,sec_chart,Dallas-Ft Worth SEC 96.tif,missing,no match in dole,65.1,2016-01-31,/Volumes/projects/SectionalProject/misc maps/Dallas-Ft_Worth_96/Dallas-Ft Worth SEC 96.tif | /Users/ryanhemenway/Library/Mobile Documents/com~apple~CloudDocs/archive.aero_cloud/misc maps/Dallas-Ft_Worth_96/Dallas-Ft Worth SEC 96.tif
local_file,sec_chart,Dallas-Ft Worth SEC_output.tif,missing,no match in dole,73.0,2025-11-17,/Volumes/projects/SectionalProject/misc maps/Dallas-Ft_Worth/Dallas-Ft Worth SEC_output.tif | /Users/ryanhemenway/Library/Mobile Documents/com~apple~CloudDocs/archive.aero_cloud/misc maps/Dallas-Ft_Worth/Dallas-Ft Worth SEC_output.tif
local_file,sec_chart,Honolulu_Inset_SEC_95.tif,missing,no match in dole,4.5,2026-01-02,/Volumes/projects/rawtiffs/Honolulu_Inset_SEC_95.tif | /Volumes/projects/deep archive/national archive/Honolulu_Inset_SEC_95.tif
local_file,sec_chart,Mariana_Islands_Inset_SEC_95.tif,missing,no match in dole,2.8,2026-01-02,/Volumes/projects/rawtiffs/Mariana_Islands_Inset_SEC_95.tif | /Volumes/projects/deep archive/national archive/Mariana_Islands_Inset_SEC_95.tif
local_file,sec_chart,Samoan_Islands_Inset_SEC_95.tif,missing,no match in dole,2.9,2026-01-02,/Volumes/projects/rawtiffs/Samoan_Islands_Inset_SEC_95.tif | /Volumes/projects/deep archive/national archive/Samoan_Islands_Inset_SEC_95.tif
local_file,sec_chart,Seattle SEC 86.tif,missing,no match in dole,75.1,2013-12-20,/Users/ryanhemenway/Downloads/Seattle_SEC_86_NFN/Seattle SEC 86.tif
local_file,sec_chart,US_SEC_CAPE LISBURNE EAST.jpg,missing,no match in dole,2.6,2005-03-04,/Users/ryanhemenway/Downloads/us_sectionals_pack_12/US_SEC_CAPE LISBURNE EAST.jpg
local_file,sec_chart,US_SEC_CAPE LISBURNE WEST.jpg,missing,no match in dole,2.5,2005-03-04,/Users/ryanhemenway/Downloads/us_sectionals_pack_12/US_SEC_CAPE LISBURNE WEST.jpg
local_file,sec_chart,US_SEC_DAWSON EAST.jpg,missing,no match in dole,3.8,2005-03-04,/Users/ryanhemenway/Downloads/us_sectionals_pack_12/US_SEC_DAWSON EAST.jpg
local_file,sec_chart,US_SEC_DAWSON WEST.jpg,missing,no match in dole,3.5,2005-03-04,/Users/ryanhemenway/Downloads/us_sectionals_pack_12/US_SEC_DAWSON WEST.jpg
local_file,sec_chart,US_SEC_FAIRBANKS EAST.jpg,missing,no match in dole,3.2,2005-03-04,/Users/ryanhemenway/Downloads/us_sectionals_pack_12/US_SEC_FAIRBANKS EAST.jpg
local_file,sec_chart,US_SEC_FAIRBANKS WEST.jpg,missing,no match in dole,2.6,2005-03-04,/Users/ryanhemenway/Downloads/us_sectionals_pack_12/US_SEC_FAIRBANKS WEST.jpg
local_file,sec_chart,US_SEC_HAWAIIAN ISLANDS.jpg,missing,no match in dole,1.5,2005-03-04,/Users/ryanhemenway/Downloads/us_sectionals_pack_12/US_SEC_HAWAIIAN ISLANDS.jpg
local_file,sec_chart,US_SEC_NOME EAST.jpg,missing,no match in dole,2.9,2005-03-04,/Users/ryanhemenway/Downloads/us_sectionals_pack_12/US_SEC_NOME EAST.jpg
local_file,sec_chart,US_SEC_NOME WEST.jpg,missing,no match in dole,2.0,2005-03-04,/Users/ryanhemenway/Downloads/us_sectionals_pack_12/US_SEC_NOME WEST.jpg
local_file,sec_chart,US_SEC_POINT BARROW EAST.jpg,missing,no match in dole,2.6,2005-03-04,/Users/ryanhemenway/Downloads/us_sectionals_pack_12/US_SEC_POINT BARROW EAST.jpg
local_file,sec_chart,US_SEC_POINT BARROW WEST.jpg,missing,no match in dole,2.9,2005-03-04,/Users/ryanhemenway/Downloads/us_sectionals_pack_12/US_SEC_POINT BARROW WEST.jpg
local_file,sec_chart,Western Aleutian Islands East SEC 47.pdf,missing,no match in dole,13.4,2026-01-20,/Volumes/projects/rawtiffs/web.archive.org_web_20140813232548_aeronav.faa.gov_content_aeronav_sectional_files_PDFs_Western_Aleutian_Islands_47_P/Western Aleutian Islands East SEC 47.pdf
local_file,sec_chart,Western Aleutian Islands West SEC 47.pdf,missing,no match in dole,13.4,2026-01-20,/Volumes/projects/rawtiffs/web.archive.org_web_20140813232548_aeronav.faa.gov_content_aeronav_sectional_files_PDFs_Western_Aleutian_Islands_47_P/Western Aleutian Islands West SEC 47.pdf
local_file,sec_chart,Whitehorse SEC 54.tif,missing,no match in dole,79.4,2014-03-31,/Volumes/projects/deep archive/FAA_Charts/Whitehorse_54/Whitehorse SEC 54.tif
local_file,sec_chart,Wichita SEC 95.tif,missing,no match in dole,54.7,2015-06-09,/Volumes/projects/deep archive/FAA_Charts/Wichita_95/Wichita SEC 95.tif
local_file,sec_chart,s3.amazonaws.com_NARAprodstorage_lz_electronic-records_rg-237_VFR_2019-0060_Honolulu_Inset_SEC_95.tif,missing,no match in dole,4.5,2026-01-10,/Volumes/projects/rawtiffs/s3.amazonaws.com_NARAprodstorage_lz_electronic-records_rg-237_VFR_2019-0060_Honolulu_Inset_SEC_95.tif
local_file,sec_chart,s3.amazonaws.com_NARAprodstorage_lz_electronic-records_rg-237_VFR_2019-0060_Mariana_Islands_Inset_SEC_95.tif,missing,no match in dole,2.8,2026-01-10,/Volumes/projects/rawtiffs/s3.amazonaws.com_NARAprodstorage_lz_electronic-records_rg-237_VFR_2019-0060_Mariana_Islands_Inset_SEC_95.tif
local_file,sec_chart,s3.amazonaws.com_NARAprodstorage_lz_electronic-records_rg-237_VFR_2019-0060_Samoan_Islands_Inset_SEC_95.tif,missing,no match in dole,2.9,2026-01-10,/Volumes/projects/rawtiffs/s3.amazonaws.com_NARAprodstorage_lz_electronic-records_rg-237_VFR_2019-0060_Samoan_Islands_Inset_SEC_95.tif
local_file,sectional_named,20250102122113_Sectional.zip,missing,no match in dole,3190.5,2026-01-10,/Volumes/projects/deep archive/FAA_Charts2/20250102122113_Sectional.zip
local_file,sectional_named,20250202212347_Sectional.zip,missing,no match in dole,3190.1,2026-01-10,/Volumes/projects/deep archive/FAA_Charts2/20250202212347_Sectional.zip
local_file,sectional_named,20250519104728_Sectional.zip,missing,no match in dole,3190.2,2026-01-10,/Volumes/projects/deep archive/FAA_Charts2/20250519104728_Sectional.zip
local_file,sectional_named,20250802223610_Sectional.zip,missing,no match in dole,3190.1,2026-01-10,/Volumes/projects/deep archive/FAA_Charts2/20250802223610_Sectional.zip
local_file,sectional_named,20250803010814_Sectional.zip,missing,no match in dole,3170.9,2026-01-10,/Volumes/projects/deep archive/FAA_Charts2/20250803010814_Sectional.zip
local_file,sectional_named,20251025042745_Sectional.zip,missing,no match in dole,3290.6,2026-01-10,/Volumes/projects/deep archive/FAA_Charts2/20251025042745_Sectional.zip
local_file,sectional_named,Sectional.zip,missing,no match in dole,3286.9,2025-12-09,/Users/ryanhemenway/Downloads/Sectional.zip
local_file,sectional_named,aeronav.faa.gov_visual_05-14-2026_All_Files_Sectional.zip,missing,no match in dole,3286.9,2026-07-02,/Volumes/projects/rawtiffs/05-14-2026/aeronav.faa.gov_visual_05-14-2026_All_Files_Sectional.zip
local_file,sectional_named,archive.org_download_faa-visual-flight-rules-charts_Sectional_Charts_Miami.pdf,missing,no match in dole,78.7,2026-07-02,/Volumes/projects/rawtiffs/03-19-2026/archive.org_download_faa-visual-flight-rules-charts_Sectional_Charts_Miami.pdf
local_file,sectional_named,archive.org_download_faa-visual-flight-rules-charts_Sectional_Charts_Nome.pdf,missing,no match in dole,135.9,2026-07-02,/Volumes/projects/rawtiffs/03-19-2026/archive.org_download_faa-visual-flight-rules-charts_Sectional_Charts_Nome.pdf
local_file,sectional_named,archive.org_download_faa-visual-flight-rules-charts_Sectional_Charts_Omaha.pdf,missing,no match in dole,148.2,2026-07-02,/Volumes/projects/rawtiffs/03-19-2026/archive.org_download_faa-visual-flight-rules-charts_Sectional_Charts_Omaha.pdf
local_file,sectional_named,web.archive.org_web_20140113182544_aeronav.faa.gov_content_aeronav_sectional_files_Seward_93.zip,missing,no match in dole,1.2,2026-01-12,/Volumes/projects/rawtiffs/failed_extractions/web.archive.org_web_20140113182544_aeronav.faa.gov_content_aeronav_sectional_files_Seward_93.zip
local_file,sectional_named,web.archive.org_web_20140813232548_aeronav.faa.gov_content_aeronav_sectional_files_PDFs_Western_Aleutian_Islands_47_P.zip,missing,no match in dole,26.6,2026-01-24,/Volumes/projects/rawtiffs/web.archive.org_web_20140813232548_aeronav.faa.gov_content_aeronav_sectional_files_PDFs_Western_Aleutian_Islands_47_P.zip
local_file,sectionalproject_renamed,193210.jpg,missing,no match in dole,16.9,2025-10-10,/Volumes/projects/SectionalProject/0.Master Files/193210.jpg | /Volumes/projects/SectionalProject/1.TIFFs/vintage/193210.tiff | /Volumes/projects/SectionalProject/2.GeoTIFFs/193210_geo.tiff | /Volumes/projects/SectionalProject/3.COGs/193210_geo_cog.tif
local_file,sectionalproject_renamed,193302.tif,missing,no match in dole,311.3,2025-09-21,/Volumes/projects/SectionalProject/0.Master Files/193302.tif | /Volumes/projects/SectionalProject/1.TIFFs/vintage/193302.tif | /Volumes/projects/SectionalProject/2.GeoTIFFs/193302_geo.tif | /Volumes/projects/SectionalProject/3.COGs/193302_geo_cog.tif
local_file,sectionalproject_renamed,193307.tif,missing,no match in dole,316.1,2025-09-21,/Volumes/projects/SectionalProject/0.Master Files/193307.tif | /Volumes/projects/SectionalProject/1.TIFFs/vintage/193307.tif | /Volumes/projects/SectionalProject/2.GeoTIFFs/193307_geo.tif | /Volumes/projects/SectionalProject/3.COGs/193307_geo_cog.tif
local_file,sectionalproject_renamed,193309.tif,missing,no match in dole,322.0,2025-09-21,/Volumes/projects/SectionalProject/0.Master Files/193309.tif | /Volumes/projects/SectionalProject/1.TIFFs/vintage/193309.tif | /Volumes/projects/SectionalProject/2.GeoTIFFs/193309_geo.tif | /Volumes/projects/SectionalProject/3.COGs/193309_geo_cog.tif
local_file,sectionalproject_renamed,193408.tif,missing,no match in dole,317.4,2025-09-21,/Volumes/projects/SectionalProject/0.Master Files/193408.tif | /Volumes/projects/SectionalProject/1.TIFFs/vintage/193408.tif | /Volumes/projects/SectionalProject/2.GeoTIFFs/193408_geo.tif | /Volumes/projects/SectionalProject/3.COGs/193408_geo_cog.tif
local_file,sectionalproject_renamed,193502.tif,missing,no match in dole,318.5,2025-09-21,/Volumes/projects/SectionalProject/0.Master Files/193502.tif | /Volumes/projects/SectionalProject/1.TIFFs/vintage/193502.tif | /Volumes/projects/SectionalProject/2.GeoTIFFs/193502_geo.tif | /Volumes/projects/SectionalProject/3.COGs/193502_geo_cog.tif
local_file,sectionalproject_renamed,193509.tif,missing,no match in dole,306.0,2025-09-21,/Volumes/projects/SectionalProject/0.Master Files/193509.tif | /Volumes/projects/SectionalProject/1.TIFFs/vintage/193509.tif | /Volumes/projects/SectionalProject/2.GeoTIFFs/193509_geo.tif | /Volumes/projects/SectionalProject/3.COGs/193509_geo_cog.tif
local_file,sectionalproject_renamed,193612.tif,missing,no match in dole,306.7,2025-09-21,/Volumes/projects/SectionalProject/0.Master Files/193612.tif | /Volumes/projects/SectionalProject/1.TIFFs/vintage/193612.tif | /Volumes/projects/SectionalProject/2.GeoTIFFs/193612_geo.tif | /Volumes/projects/SectionalProject/3.COGs/193612_geo_cog.tif
local_file,sectionalproject_renamed,193809.tif,missing,no match in dole,309.0,2025-09-21,/Volumes/projects/SectionalProject/0.Master Files/193809.tif | /Volumes/projects/SectionalProject/1.TIFFs/vintage/193809.tif | /Volumes/projects/SectionalProject/2.GeoTIFFs/193809_geo.tif | /Volumes/projects/SectionalProject/3.COGs/193809_geo_cog.tif
local_file,sectionalproject_renamed,193902.tif,missing,no match in dole,307.5,2025-09-21,/Volumes/projects/SectionalProject/0.Master Files/193902.tif | /Volumes/projects/SectionalProject/1.TIFFs/vintage/193902.tif | /Volumes/projects/SectionalProject/2.GeoTIFFs/193902_geo.tif | /Volumes/projects/SectionalProject/3.COGs/193902_geo_cog.tif
local_file,sectionalproject_renamed,194009.tif,missing,no match in dole,306.0,2025-09-21,/Volumes/projects/SectionalProject/0.Master Files/194009.tif | /Volumes/projects/SectionalProject/1.TIFFs/vintage/194009.tif | /Volumes/projects/SectionalProject/2.GeoTIFFs/194009_geo.tif | /Volumes/projects/SectionalProject/3.COGs/194009_geo_cog.tif
local_file,sectionalproject_renamed,194009_DFW_COG.tif,missing,no match in dole,323.6,2025-11-25,/Volumes/projects/SectionalProject/3.COGs/194009_DFW_COG.tif
local_file,sectionalproject_renamed,194108.tif,missing,no match in dole,313.0,2025-09-21,/Volumes/projects/SectionalProject/0.Master Files/194108.tif | /Volumes/projects/SectionalProject/1.TIFFs/vintage/194108.tif | /Volumes/projects/SectionalProject/2.GeoTIFFs/194108_geo.tif | /Volumes/projects/SectionalProject/3.COGs/194108_geo_cog.tif
local_file,sectionalproject_renamed,194302.tif,missing,no match in dole,310.0,2025-09-21,/Volumes/projects/SectionalProject/0.Master Files/194302.tif | /Volumes/projects/SectionalProject/1.TIFFs/vintage/194302.tif | /Volumes/projects/SectionalProject/2.GeoTIFFs/194302_geo.tif | /Volumes/projects/SectionalProject/3.COGs/194302_geo_cog.tif
local_file,sectionalproject_renamed,194403.tif,missing,no match in dole,312.1,2025-09-21,/Volumes/projects/SectionalProject/0.Master Files/194403.tif | /Volumes/projects/SectionalProject/1.TIFFs/vintage/194403.tif | /Volumes/projects/SectionalProject/2.GeoTIFFs/194403_geo.tif | /Volumes/projects/SectionalProject/3.COGs/194403_geo_cog.tif
local_file,sectionalproject_renamed,194407.tif,missing,no match in dole,316.8,2025-09-21,/Volumes/projects/SectionalProject/0.Master Files/194407.tif | /Volumes/projects/SectionalProject/1.TIFFs/vintage/194407.tif | /Volumes/projects/SectionalProject/2.GeoTIFFs/194407_geo.tif | /Volumes/projects/SectionalProject/3.COGs/194407_geo_cog.tif
local_file,sectionalproject_renamed,194408.tif,missing,no match in dole,315.0,2025-09-21,/Volumes/projects/SectionalProject/0.Master Files/194408.tif | /Volumes/projects/SectionalProject/1.TIFFs/vintage/194408.tif | /Volumes/projects/SectionalProject/2.GeoTIFFs/194408_geo.tif | /Volumes/projects/SectionalProject/3.COGs/194408_geo_cog.tif
local_file,sectionalproject_renamed,194507.tif,missing,no match in dole,309.1,2025-09-21,/Volumes/projects/SectionalProject/0.Master Files/194507.tif | /Volumes/projects/SectionalProject/1.TIFFs/vintage/194507.tif | /Volumes/projects/SectionalProject/2.GeoTIFFs/194507_geo.tif | /Volumes/projects/SectionalProject/3.COGs/194507_geo_cog.tif
local_file,sectionalproject_renamed,194509.tif,missing,no match in dole,308.9,2025-09-21,/Volumes/projects/SectionalProject/0.Master Files/194509.tif | /Volumes/projects/SectionalProject/1.TIFFs/vintage/194509.tif | /Volumes/projects/SectionalProject/2.GeoTIFFs/194509_geo.tif | /Volumes/projects/SectionalProject/3.COGs/194509_geo_cog.tif
local_file,sectionalproject_renamed,194603.tif,missing,no match in dole,307.1,2025-09-21,/Volumes/projects/SectionalProject/0.Master Files/194603.tif | /Volumes/projects/SectionalProject/1.TIFFs/vintage/194603.tif | /Volumes/projects/SectionalProject/2.GeoTIFFs/194603_geo.tif | /Volumes/projects/SectionalProject/3.COGs/194603_geo_cog.tif
local_file,sectionalproject_renamed,194609.tif,missing,no match in dole,308.6,2025-09-21,/Volumes/projects/SectionalProject/0.Master Files/194609.tif | /Volumes/projects/SectionalProject/1.TIFFs/vintage/194609.tif | /Volumes/projects/SectionalProject/2.GeoTIFFs/194609_geo.tif | /Volumes/projects/SectionalProject/3.COGs/194609_geo_cog.tif
local_file,sectionalproject_renamed,194703.tif,missing,no match in dole,307.9,2025-09-21,/Volumes/projects/SectionalProject/0.Master Files/194703.tif | /Volumes/projects/SectionalProject/1.TIFFs/vintage/194703.tif | /Volumes/projects/SectionalProject/2.GeoTIFFs/194703_geo.tif | /Volumes/projects/SectionalProject/3.COGs/194703_geo_cog.tif
local_file,sectionalproject_renamed,194709.tif,missing,no match in dole,304.0,2025-09-21,/Volumes/projects/SectionalProject/0.Master Files/194709.tif | /Volumes/projects/SectionalProject/1.TIFFs/vintage/194709.tif | /Volumes/projects/SectionalProject/2.GeoTIFFs/194709_geo.tif | /Volumes/projects/SectionalProject/3.COGs/194709_geo_cog.tif
local_file,sectionalproject_renamed,194809.tif,missing,no match in dole,314.9,2025-09-21,/Volumes/projects/SectionalProject/0.Master Files/194809.tif | /Volumes/projects/SectionalProject/1.TIFFs/vintage/194809.tif | /Volumes/projects/SectionalProject/2.GeoTIFFs/194809_geo.tif | /Volumes/projects/SectionalProject/3.COGs/194809_geo_cog.tif
local_file,sectionalproject_renamed,194902.tif,missing,no match in dole,312.7,2025-09-21,/Volumes/projects/SectionalProject/0.Master Files/194902.tif | /Volumes/projects/SectionalProject/1.TIFFs/vintage/194902.tif | /Volumes/projects/SectionalProject/2.GeoTIFFs/194902_geo.tif | /Volumes/projects/SectionalProject/3.COGs/194902_geo_cog.tif
local_file,sectionalproject_renamed,194908.tif,missing,no match in dole,312.9,2025-09-21,/Volumes/projects/SectionalProject/0.Master Files/194908.tif | /Volumes/projects/SectionalProject/1.TIFFs/vintage/194908.tif | /Volumes/projects/SectionalProject/2.GeoTIFFs/194908_geo.tif | /Volumes/projects/SectionalProject/3.COGs/194908_geo_cog.tif
local_file,sectionalproject_renamed,195002.tif,missing,no match in dole,305.2,2025-09-21,/Volumes/projects/SectionalProject/0.Master Files/195002.tif | /Volumes/projects/SectionalProject/1.TIFFs/vintage/195002.tif | /Volumes/projects/SectionalProject/2.GeoTIFFs/195002_geo.tif | /Volumes/projects/SectionalProject/3.COGs/195002_geo_cog.tif
local_file,sectionalproject_renamed,195002_DFW_COG.tif,missing,no match in dole,337.6,2025-11-25,/Volumes/projects/SectionalProject/3.COGs/195002_DFW_COG.tif
local_file,sectionalproject_renamed,195008.tif,missing,no match in dole,309.5,2025-09-21,/Volumes/projects/SectionalProject/0.Master Files/195008.tif | /Volumes/projects/SectionalProject/1.TIFFs/vintage/195008.tif | /Volumes/projects/SectionalProject/2.GeoTIFFs/195008_geo.tif | /Volumes/projects/SectionalProject/3.COGs/195008_geo_cog.tif
local_file,sectionalproject_renamed,195103.tif,missing,no match in dole,306.9,2025-09-21,/Volumes/projects/SectionalProject/0.Master Files/195103.tif | /Volumes/projects/SectionalProject/1.TIFFs/vintage/195103.tif | /Volumes/projects/SectionalProject/2.GeoTIFFs/195103_geo.tif | /Volumes/projects/SectionalProject/3.COGs/195103_geo_cog.tif
local_file,sectionalproject_renamed,195109.tif,missing,no match in dole,307.7,2025-09-21,/Volumes/projects/SectionalProject/0.Master Files/195109.tif | /Volumes/projects/SectionalProject/1.TIFFs/vintage/195109.tif | /Volumes/projects/SectionalProject/2.GeoTIFFs/195109_geo.tif | /Volumes/projects/SectionalProject/3.COGs/195109_geo_cog.tif
local_file,sectionalproject_renamed,195202.tif,missing,no match in dole,309.8,2025-09-21,/Volumes/projects/SectionalProject/0.Master Files/195202.tif | /Volumes/projects/SectionalProject/1.TIFFs/vintage/195202.tif | /Volumes/projects/SectionalProject/2.GeoTIFFs/195202_geo.tif | /Volumes/projects/SectionalProject/3.COGs/195202_geo_cog.tif
local_file,sectionalproject_renamed,195208.tif,missing,no match in dole,309.2,2025-09-21,/Volumes/projects/SectionalProject/0.Master Files/195208.tif | /Volumes/projects/SectionalProject/1.TIFFs/vintage/195208.tif | /Volumes/projects/SectionalProject/2.GeoTIFFs/195208_geo.tif | /Volumes/projects/SectionalProject/3.COGs/195208_geo_cog.tif
local_file,sectionalproject_renamed,195309.tif,missing,no match in dole,307.1,2025-09-21,/Volumes/projects/SectionalProject/0.Master Files/195309.tif | /Volumes/projects/SectionalProject/1.TIFFs/vintage/195309.tif | /Volumes/projects/SectionalProject/2.GeoTIFFs/195309_geo.tif | /Volumes/projects/SectionalProject/3.COGs/195309_geo_cog.tif
local_file,sectionalproject_renamed,195403.tif,missing,no match in dole,309.5,2025-09-21,/Volumes/projects/SectionalProject/0.Master Files/195403.tif | /Volumes/projects/SectionalProject/1.TIFFs/vintage/195403.tif | /Volumes/projects/SectionalProject/2.GeoTIFFs/195403_geo.tif | /Volumes/projects/SectionalProject/3.COGs/195403_geo_cog.tif
local_file,sectionalproject_renamed,195408.tif,missing,no match in dole,306.9,2025-09-21,/Volumes/projects/SectionalProject/0.Master Files/195408.tif | /Volumes/projects/SectionalProject/1.TIFFs/vintage/195408.tif | /Volumes/projects/SectionalProject/2.GeoTIFFs/195408_geo.tif | /Volumes/projects/SectionalProject/3.COGs/195408_geo_cog.tif
local_file,sectionalproject_renamed,195502.tif,missing,no match in dole,307.9,2025-09-21,/Volumes/projects/SectionalProject/0.Master Files/195502.tif | /Volumes/projects/SectionalProject/1.TIFFs/vintage/195502.tif | /Volumes/projects/SectionalProject/2.GeoTIFFs/195502_geo.tif | /Volumes/projects/SectionalProject/3.COGs/195502_geo_cog.tif
local_file,sectionalproject_renamed,195509.tif,missing,no match in dole,306.0,2025-09-21,/Volumes/projects/SectionalProject/0.Master Files/195509.tif | /Volumes/projects/SectionalProject/1.TIFFs/vintage/195509.tif | /Volumes/projects/SectionalProject/2.GeoTIFFs/195509_geo.tif | /Volumes/projects/SectionalProject/3.COGs/195509_geo_cog.tif
local_file,sectionalproject_renamed,195603.tif,missing,no match in dole,306.2,2025-09-21,/Volumes/projects/SectionalProject/0.Master Files/195603.tif | /Volumes/projects/SectionalProject/1.TIFFs/vintage/195603.tif | /Volumes/projects/SectionalProject/2.GeoTIFFs/195603_geo.tif | /Volumes/projects/SectionalProject/3.COGs/195603_geo_cog.tif
local_file,sectionalproject_renamed,195701.tif,missing,no match in dole,307.2,2025-09-21,/Volumes/projects/SectionalProject/0.Master Files/195701.tif | /Volumes/projects/SectionalProject/1.TIFFs/vintage/195701.tif | /Volumes/projects/SectionalProject/2.GeoTIFFs/195701_geo.tif | /Volumes/projects/SectionalProject/3.COGs/195701_geo_cog.tif
local_file,sectionalproject_renamed,195709.tif,missing,no match in dole,307.4,2025-09-21,/Volumes/projects/SectionalProject/0.Master Files/195709.tif | /Volumes/projects/SectionalProject/1.TIFFs/vintage/195709.tif | /Volumes/projects/SectionalProject/2.GeoTIFFs/195709_geo.tif | /Volumes/projects/SectionalProject/3.COGs/195709_geo_cog.tif
local_file,sectionalproject_renamed,195803.tif,missing,no match in dole,305.3,2025-09-21,/Volumes/projects/SectionalProject/0.Master Files/195803.tif | /Volumes/projects/SectionalProject/1.TIFFs/vintage/195803.tif | /Volumes/projects/SectionalProject/2.GeoTIFFs/195803_geo.tif | /Volumes/projects/SectionalProject/3.COGs/195803_geo_cog.tif
local_file,sectionalproject_renamed,195808.tif,missing,no match in dole,307.2,2025-09-21,/Volumes/projects/SectionalProject/0.Master Files/195808.tif | /Volumes/projects/SectionalProject/1.TIFFs/vintage/195808.tif | /Volumes/projects/SectionalProject/2.GeoTIFFs/195808_geo.tif | /Volumes/projects/SectionalProject/3.COGs/195808_geo_cog.tif
local_file,sectionalproject_renamed,195903.tif,missing,no match in dole,305.4,2025-09-21,/Volumes/projects/SectionalProject/0.Master Files/195903.tif | /Volumes/projects/SectionalProject/1.TIFFs/vintage/195903.tif | /Volumes/projects/SectionalProject/2.GeoTIFFs/195903_geo.tif | /Volumes/projects/SectionalProject/3.COGs/195903_geo_cog.tif
local_file,sectionalproject_renamed,195908.tif,missing,no match in dole,307.1,2025-09-21,/Volumes/projects/SectionalProject/0.Master Files/195908.tif | /Volumes/projects/SectionalProject/1.TIFFs/vintage/195908.tif | /Volumes/projects/SectionalProject/2.GeoTIFFs/195908_geo.tif | /Volumes/projects/SectionalProject/3.COGs/195908_geo_cog.tif
local_file,sectionalproject_renamed,196003.tif,missing,no match in dole,305.7,2025-09-21,/Volumes/projects/SectionalProject/0.Master Files/196003.tif | /Volumes/projects/SectionalProject/1.TIFFs/vintage/196003.tif | /Volumes/projects/SectionalProject/2.GeoTIFFs/196003_geo.tif | /Volumes/projects/SectionalProject/3.COGs/196003_geo_cog.tif
local_file,sectionalproject_renamed,196003_DFW_COG.tif,missing,no match in dole,321.4,2025-11-28,/Volumes/projects/SectionalProject/3.COGs/196003_DFW_COG.tif
local_file,sectionalproject_renamed,196008.tif,missing,no match in dole,304.9,2025-09-21,/Volumes/projects/SectionalProject/0.Master Files/196008.tif | /Volumes/projects/SectionalProject/1.TIFFs/vintage/196008.tif | /Volumes/projects/SectionalProject/2.GeoTIFFs/196008_geo.tif | /Volumes/projects/SectionalProject/3.COGs/196008_geo_cog.tif
local_file,sectionalproject_renamed,196103.tif,missing,no match in dole,308.5,2025-09-21,/Volumes/projects/SectionalProject/0.Master Files/196103.tif | /Volumes/projects/SectionalProject/1.TIFFs/vintage/196103.tif | /Volumes/projects/SectionalProject/2.GeoTIFFs/196103_geo.tif | /Volumes/projects/SectionalProject/3.COGs/196103_geo_cog.tif
local_file,sectionalproject_renamed,196502.tif,missing,no match in dole,309.6,2025-09-21,/Volumes/projects/SectionalProject/0.Master Files/196502.tif | /Volumes/projects/SectionalProject/1.TIFFs/vintage/196502.tif | /Volumes/projects/SectionalProject/2.GeoTIFFs/196502_geo.tif | /Volumes/projects/SectionalProject/3.COGs/196502_geo_cog.tif
local_file,sectionalproject_renamed,196507.tif,missing,no match in dole,308.1,2025-09-21,/Volumes/projects/SectionalProject/0.Master Files/196507.tif | /Volumes/projects/SectionalProject/1.TIFFs/vintage/196507.tif | /Volumes/projects/SectionalProject/2.GeoTIFFs/196507_geo.tif | /Volumes/projects/SectionalProject/3.COGs/196507_geo_cog.tif
local_file,sectionalproject_renamed,196602.tif,missing,no match in dole,307.8,2025-09-21,/Volumes/projects/SectionalProject/0.Master Files/196602.tif | /Volumes/projects/SectionalProject/1.TIFFs/vintage/196602.tif | /Volumes/projects/SectionalProject/2.GeoTIFFs/196602_geo.tif | /Volumes/projects/SectionalProject/3.COGs/196602_geo_cog.tif
local_file,sectionalproject_renamed,196607.tif,missing,no match in dole,305.3,2025-09-21,/Volumes/projects/SectionalProject/0.Master Files/196607.tif | /Volumes/projects/SectionalProject/1.TIFFs/vintage/196607.tif | /Volumes/projects/SectionalProject/2.GeoTIFFs/196607_geo.tif | /Volumes/projects/SectionalProject/3.COGs/196607_geo_cog.tif
local_file,sectionalproject_renamed,196702.tif,missing,no match in dole,304.9,2025-09-21,/Volumes/projects/SectionalProject/0.Master Files/196702.tif | /Volumes/projects/SectionalProject/1.TIFFs/vintage/196702.tif | /Volumes/projects/SectionalProject/2.GeoTIFFs/196702_geo.tif | /Volumes/projects/SectionalProject/3.COGs/196702_geo_cog.tif
local_file,sectionalproject_renamed,196707.tif,missing,no match in dole,307.4,2025-09-21,/Volumes/projects/SectionalProject/0.Master Files/196707.tif | /Volumes/projects/SectionalProject/1.TIFFs/vintage/196707.tif | /Volumes/projects/SectionalProject/2.GeoTIFFs/196707_geo.tif | /Volumes/projects/SectionalProject/3.COGs/196707_geo_cog.tif
local_file,sectionalproject_renamed,196802.tif,missing,no match in dole,306.7,2025-09-21,/Volumes/projects/SectionalProject/0.Master Files/196802.tif | /Volumes/projects/SectionalProject/1.TIFFs/vintage/196802.tif | /Volumes/projects/SectionalProject/2.GeoTIFFs/196802_geo.tif | /Volumes/projects/SectionalProject/3.COGs/196802_geo_cog.tif
local_file,sectionalproject_renamed,196807.tif,missing,no match in dole,304.7,2025-09-21,/Volumes/projects/SectionalProject/0.Master Files/196807.tif | /Volumes/projects/SectionalProject/1.TIFFs/vintage/196807.tif | /Volumes/projects/SectionalProject/2.GeoTIFFs/196807_geo.tif | /Volumes/projects/SectionalProject/3.COGs/196807_geo_cog.tif
local_file,sectionalproject_renamed,196807_DFW_COG.tif,missing,no match in dole,324.3,2025-11-28,/Volumes/projects/SectionalProject/3.COGs/196807_DFW_COG.tif
local_file,sectionalproject_renamed,201109N.tif,missing,no match in dole,49.6,2025-10-27,/Volumes/projects/SectionalProject/1.TIFFs/201109N.tif | /Volumes/projects/SectionalProject/0.Master Files/201109N.tif | /Volumes/projects/SectionalProject/2.GeoTIFFs/201109N_geo.tif | /Volumes/projects/SectionalProject/3.COGs/201109N_geo_COG.tif
local_file,sectionalproject_renamed,201109S.tif,missing,no match in dole,49.1,2011-09-07,/Volumes/projects/SectionalProject/1.TIFFs/201109S.tif | /Volumes/projects/SectionalProject/0.Master Files/201109S.tif | /Volumes/projects/SectionalProject/2.GeoTIFFs/201109S_geo.tif | /Volumes/projects/SectionalProject/3.COGs/201109S_geo_COG.tif
local_file,sectionalproject_renamed,201209N.tif,missing,no match in dole,49.5,2012-08-21,/Volumes/projects/SectionalProject/1.TIFFs/201209N.tif | /Volumes/projects/SectionalProject/0.Master Files/201209N.tif | /Volumes/projects/SectionalProject/2.GeoTIFFs/201209N_geo.tif | /Volumes/projects/SectionalProject/3.COGs/201209N_geo_COG.tif
local_file,sectionalproject_renamed,201209S.tif,missing,no match in dole,49.2,2012-08-21,/Volumes/projects/SectionalProject/1.TIFFs/201209S.tif | /Volumes/projects/SectionalProject/0.Master Files/201209S.tif | /Volumes/projects/SectionalProject/2.GeoTIFFs/201209S_geo.tif | /Volumes/projects/SectionalProject/3.COGs/201209S_geo_COG.tif
local_file,sectionalproject_renamed,201309N.tif,missing,no match in dole,49.4,2013-08-23,/Volumes/projects/SectionalProject/1.TIFFs/201309N.tif | /Volumes/projects/SectionalProject/0.Master Files/201309N.tif | /Volumes/projects/SectionalProject/2.GeoTIFFs/201309N_geo.tif | /Volumes/projects/SectionalProject/3.COGs/201309N_geo_COG.tif
local_file,sectionalproject_renamed,201309S.tif,missing,no match in dole,49.3,2013-08-23,/Volumes/projects/SectionalProject/1.TIFFs/201309S.tif | /Volumes/projects/SectionalProject/0.Master Files/201309S.tif | /Volumes/projects/SectionalProject/2.GeoTIFFs/201309S_geo.tif | /Volumes/projects/SectionalProject/3.COGs/201309S_geo_COG.tif
local_file,sectionalproject_renamed,201403.tif,missing,no match in dole,65.1,2014-03-06,/Volumes/projects/SectionalProject/1.TIFFs/201403.tif | /Volumes/projects/SectionalProject/0.Master Files/201403.tif | /Volumes/projects/SectionalProject/2.GeoTIFFs/201403_geo.tif | /Volumes/projects/SectionalProject/3.COGs/201403_geo_COG.tif
local_file,sectionalproject_renamed,201503.tif,missing,no match in dole,65.1,2015-01-28,/Volumes/projects/SectionalProject/1.TIFFs/201503.tif | /Volumes/projects/SectionalProject/0.Master Files/201503.tif | /Volumes/projects/SectionalProject/2.GeoTIFFs/201503_geo.tif | /Volumes/projects/SectionalProject/3.COGs/201503_geo_COG.tif
local_file,sectionalproject_renamed,201603.tif,missing,no match in dole,65.1,2016-01-31,/Volumes/projects/SectionalProject/1.TIFFs/201603.tif | /Volumes/projects/SectionalProject/0.Master Files/201603.tif | /Volumes/projects/SectionalProject/2.GeoTIFFs/201603_geo.tif | /Volumes/projects/SectionalProject/3.COGs/201603_geo_COG.tif
local_file,sectionalproject_renamed,201609.tif,missing,no match in dole,65.2,2016-08-09,/Volumes/projects/SectionalProject/1.TIFFs/201609.tif | /Volumes/projects/SectionalProject/0.Master Files/201609.tif | /Volumes/projects/SectionalProject/2.GeoTIFFs/201609_geo.tif | /Volumes/projects/SectionalProject/3.COGs/201609_geo_COG.tif
local_file,sectionalproject_renamed,202102.tiff,missing,no match in dole,879.3,2025-11-30,/Volumes/projects/SectionalProject/1.TIFFs/202102.tiff | /Volumes/projects/SectionalProject/0.Master Files/202102.pdf
local_file,sectionalproject_renamed,202107.tiff,missing,no match in dole,879.2,2025-11-17,/Volumes/projects/SectionalProject/1.TIFFs/202107.tiff | /Volumes/projects/SectionalProject/0.Master Files/202107.pdf
local_file,sectionalproject_renamed,202110.tiff,missing,no match in dole,879.2,2025-11-17,/Volumes/projects/SectionalProject/1.TIFFs/202110.tiff | /Volumes/projects/SectionalProject/0.Master Files/202110.pdf
local_file,sectionalproject_renamed,202112.tiff,missing,no match in dole,879.2,2025-11-17,/Volumes/projects/SectionalProject/1.TIFFs/202112.tiff | /Volumes/projects/SectionalProject/0.Master Files/202112.pdf
local_file,sectionalproject_renamed,202201.tiff,missing,no match in dole,879.2,2025-11-17,/Volumes/projects/SectionalProject/1.TIFFs/202201.tiff | /Volumes/projects/SectionalProject/0.Master Files/202201.pdf
local_file,sectionalproject_renamed,202207.tiff,missing,no match in dole,879.2,2025-11-17,/Volumes/projects/SectionalProject/1.TIFFs/202207.tiff | /Volumes/projects/SectionalProject/0.Master Files/202207.pdf
local_file,sectionalproject_renamed,202212.tiff,missing,no match in dole,879.2,2025-11-17,/Volumes/projects/SectionalProject/1.TIFFs/202212.tiff | /Volumes/projects/SectionalProject/0.Master Files/202212.pdf
local_file,sectionalproject_renamed,202306.tiff,missing,no match in dole,879.2,2025-11-17,/Volumes/projects/SectionalProject/1.TIFFs/202306.tiff | /Volumes/projects/SectionalProject/0.Master Files/202306.pdf
local_file,sectionalproject_renamed,202401.tiff,missing,no match in dole,879.2,2025-11-17,/Volumes/projects/SectionalProject/1.TIFFs/202401.tiff | /Volumes/projects/SectionalProject/0.Master Files/202401.pdf
local_file,sectionalproject_renamed,202403.tiff,missing,no match in dole,879.2,2025-11-17,/Volumes/projects/SectionalProject/1.TIFFs/202403.tiff | /Volumes/projects/SectionalProject/0.Master Files/202403.pdf
local_file,sectionalproject_renamed,202405.tiff,missing,no match in dole,879.2,2025-11-17,/Volumes/projects/SectionalProject/1.TIFFs/202405.tiff | /Volumes/projects/SectionalProject/0.Master Files/202405.pdf
local_file,sectionalproject_renamed,202407.tiff,missing,no match in dole,879.2,2025-11-17,/Volumes/projects/SectionalProject/1.TIFFs/202407.tiff | /Volumes/projects/SectionalProject/0.Master Files/202407.pdf
local_file,sectionalproject_renamed,202409.tif,missing,no match in dole,65.5,2024-08-12,/Volumes/projects/SectionalProject/1.TIFFs/202409.tif | /Volumes/projects/SectionalProject/0.Master Files/202409.tif | /Volumes/projects/SectionalProject/2.GeoTIFFs/202409_geo.tif | /Volumes/projects/SectionalProject/3.COGs/202409_geo_COG.tif
local_file,sectionalproject_renamed,202410.tif,missing,no match in dole,65.5,2024-10-07,/Volumes/projects/SectionalProject/1.TIFFs/202410.tif | /Volumes/projects/SectionalProject/0.Master Files/202410.tif | /Volumes/projects/SectionalProject/2.GeoTIFFs/202410_geo.tif | /Volumes/projects/SectionalProject/3.COGs/202410_geo_COG.tif
local_file,sectionalproject_renamed,202412.tif,missing,no match in dole,65.5,2024-11-29,/Volumes/projects/SectionalProject/1.TIFFs/202412.tif | /Volumes/projects/SectionalProject/0.Master Files/202412.tif | /Volumes/projects/SectionalProject/2.GeoTIFFs/202412_geo.tif | /Volumes/projects/SectionalProject/3.COGs/202412_geo_COG.tif
local_file,sectionalproject_renamed,202502.tif,missing,no match in dole,65.6,2025-01-27,/Volumes/projects/SectionalProject/1.TIFFs/202502.tif | /Volumes/projects/SectionalProject/0.Master Files/202502.tif | /Volumes/projects/SectionalProject/2.GeoTIFFs/202502_geo.tif | /Volumes/projects/SectionalProject/3.COGs/202502_geo_COG.tif
local_file,sectionalproject_renamed,202504.tiff,missing,no match in dole,879.2,2025-11-17,/Volumes/projects/SectionalProject/1.TIFFs/202504.tiff | /Volumes/projects/SectionalProject/0.Master Files/202504.pdf
local_file,sectionalproject_renamed,202506.tiff,missing,no match in dole,879.2,2025-11-17,/Volumes/projects/SectionalProject/1.TIFFs/202506.tiff | /Volumes/projects/SectionalProject/0.Master Files/202506.pdf
local_file,sectionalproject_renamed,202508.tiff,missing,no match in dole,879.2,2025-11-17,/Volumes/projects/SectionalProject/1.TIFFs/202508.tiff | /Volumes/projects/SectionalProject/0.Master Files/202508.pdf
local_file,wasp_scan,WASP_02-2007-02-423_02.tif,missing,no match in dole,520.1,2026-01-08,/Volumes/projects/rawtiffs/WASP_02-2007-02-423_02.tif
local_file,wasp_scan,WASP_02-2007-02-427_02.tif,missing,no match in dole,548.9,2026-01-08,/Volumes/projects/rawtiffs/WASP_02-2007-02-427_02.tif
